大数据技术专业任课教师,北京网络职业学院,房山,本科,1万-2万,1-3年,民营,100-299人,全职,http://jobs.zhaopin.com/CC390081680J40573332601.htm
高级大数据架构师,北京德天博诚科技有限公司,西城,本科,2万-3万,10年以上,民营,100-299人,全职,http://jobs.zhaopin.com/CC182896220J40564698416.htm
大数据开发工程师,中福彩科技发展(北京)有限公司,朝阳,本科,1.8万-2.5万,3-5年,国企,100-299人,全职,http://jobs.zhaopin.com/CC563630180J40619443814.htm
大数据开发工程师,北京计算机技术及应用研究所,海淀,硕士,1.8万-2.5万,5-10年,事业单位,1000-9999人,全职,http://jobs.zhaopin.com/CC120834970J40585058802.htm
大数据运维工程师,北京启明辉耀科技有限公司,通州,本科,8千-1万,1-3年,民营,20人以下,全职,http://jobs.zhaopin.com/CC483146230J40602436910.htm
大数据运维工程师,赛施(北京)科技有限公司,海淀,本科,1万-1.8万,3-5年,民营,20-99人,全职,http://jobs.zhaopin.com/CCL1266500630J40554199304.htm
大数据（算法）工程师,郑州云计划软件科技有限公司,西城,本科,1万-1.6万,3-5年,股份制企业,100-299人,全职,http://jobs.zhaopin.com/CC443482010J40602561910.htm
大数据技术教师,北京科技经营管理学院,,本科,8千-1万,1-3年,民营,100-299人,全职,http://jobs.zhaopin.com/CC134939856J00287995910.htm
大数据开发工程师,上海微创软件股份有限公司,海淀,本科,1.3万-1.5万,1-3年,合资,10000人以上,全职,http://jobs.zhaopin.com/CC000638920J40628406714.htm
大数据研发工程师（YBSY）,首都信息发展股份有限公司,通州,本科,2万-3万,5-10年,国企,1000-9999人,全职,http://jobs.zhaopin.com/CC000103760J40608284507.htm
大数据算法工程师,北京博兴高科科技有限公司,西城,本科,1万-2万,3-5年,民营,20-99人,全职,http://jobs.zhaopin.com/CC241059080J40584498703.htm
大数据销售+底薪6000元/月，一对一带教,北京链家置地房地产经纪有限公司,昌平,本科,6千-7千,经验不限,民营,10000人以上,全职,http://jobs.zhaopin.com/CC252944430J40307892416.htm
跨境网络案件大数据分析师,国开青旅集团有限公司,朝阳,学历不限,1.1万-2.2万,经验不限,股份制企业,100-299人,全职,http://jobs.zhaopin.com/CCL1357405410J40539932213.htm
大数据销售顾问,哈尔滨中招国联科技有限公司,海淀,大专,6千-1万,1-3年,民营,100-299人,全职,http://jobs.zhaopin.com/CC253209780J40550508909.htm
AI+大数据软件B端销售（可小白、提成高）,探迹科技,朝阳,大专,1.5万-2.6万,经验不限,民营,1000-9999人,全职,http://jobs.zhaopin.com/CC406882580J40584192802.htm
管培生+线上大数据+上市公司+大平台,北京链家置地房地产经纪有限公司,西城,本科,1.2万-1.5万,经验不限,民营,10000人以上,全职,http://jobs.zhaopin.com/CC252944430J40313588316.htm
交通大数据方向科研助理,北京交研都市交通科技有限公司,大兴,本科,7千-1万,经验不限,其它,20-99人,全职,http://jobs.zhaopin.com/CCL1200582950J00251011709.htm
大模型AI数据训练师,上海微创软件股份有限公司,海淀,本科,1万-1.6万,经验不限,合资,10000人以上,全职,http://jobs.zhaopin.com/CC000638920J40507818314.htm
产品拓展顾问（大数据产品）,北京明易达科技股份有限公司,,大专,1.5万-2万,5-10年,民营,100-299人,全职,http://jobs.zhaopin.com/CC288033010J40427922201.htm
阳光人寿总公司-数据管理部-大数据开发岗(J17094),阳光保险集团,朝阳,本科,面议,经验不限,股份制企业,10000人以上,全职,http://jobs.zhaopin.com/CC120868770J40559640404.htm
大数据类岗位（2024校招）(J63435),泰康在线,昌平,本科,1万-1.7万,经验不限,股份制企业,500-999人,校园,http://jobs.zhaopin.com/CC219857230J40534533601.htm
AI&大数据分析岗位,山东东明石化集团有限公司,丰台,硕士,1.2万-2.4万,经验不限,民营,1000-9999人,全职,http://jobs.zhaopin.com/CC171215710J40569955515.htm
大数据架构师,安徽即刻智能科技有限公司,西城,本科,2.8万-3.5万,5-10年,民营,100-299人,全职,http://jobs.zhaopin.com/CC399100530J40628715512.htm
产品实习生（国网商用大数据有限公司）,国网数字科技控股有限公司,东城,本科,100-120/天,无经验,国企,1000-9999人,实习,http://jobs.zhaopin.com/CC346778530J40547745610.htm
it培训讲师,中思创新(北京)科技有限公司,昌平,学历不限,8千-1.6万,1-3年,其它,300-499人,全职,http://jobs.zhaopin.com/CCL1479243980J40563131211.htm
销售经理,北京天华星航科技有限公司,海淀,大专,1万-2万,1-3年,民营,100-299人,全职,http://jobs.zhaopin.com/CC183180020J40372230312.htm
大客户销售（产业园区/大数据方向）,探迹科技,朝阳,大专,1.5万-2.5万,3-5年,民营,1000-9999人,全职,http://jobs.zhaopin.com/CC406882580J40581852502.htm
大数据讲师,中思创新(北京)科技有限公司,昌平,学历不限,8千-1.6万,1-3年,其它,300-499人,全职,http://jobs.zhaopin.com/CCL1479243980J40563131511.htm
知识产权大数据,北京航天情报与信息研究所,海淀,本科,1万-1.5万,无经验,事业单位,500-999人,校园,http://jobs.zhaopin.com/CC352240820J40567315616.htm
科研助理,北京(海淀)大数据先进技术研究院(北京大数据先进技术研究院),海淀,本科,7千-1.4万,经验不限,事业单位,100-299人,全职,http://jobs.zhaopin.com/CCL1295287630J40350402907.htm
大数据运维工程师（央企福利好）,中煤信息,朝阳,本科,1.8万-2.8万,经验不限,民营,100-299人,全职,http://jobs.zhaopin.com/CC375053430J40523501613.htm
大数据岗,中国时空信息集团有限公司,朝阳,硕士,面议,5-10年,,100-299人,全职,http://jobs.zhaopin.com/CCL1484408020J40605270008.htm
人工智能大数据分析平台工程师,国开青旅集团有限公司,朝阳,本科,2.5万-3.5万,经验不限,股份制企业,100-299人,全职,http://jobs.zhaopin.com/CCL1357405410J40542182313.htm
大数据领域ka销售经理,蓝象标准(北京)科技有限公司,通州,本科,1.5万-1.6万,3-5年,民营,20-99人,全职,http://jobs.zhaopin.com/CCL1279462150J40479790106.htm
大数据平台架构师（国网商用大数据有限公司）,国网数字科技控股有限公司,东城,本科,2万-3万,5-10年,国企,1000-9999人,全职,http://jobs.zhaopin.com/CC346778530J40505021510.htm
大数据开发项目助理,北京旭日讯通科技发展有限公司,丰台,本科,8千-1万,1-3年,民营,100-299人,全职,http://jobs.zhaopin.com/CCL1219640610J40592637708.htm
大数据工程师,中思创新(北京)科技有限公司,昌平,本科,8千-1.6万,经验不限,其它,300-499人,全职,http://jobs.zhaopin.com/CCL1479243980J40557741011.htm
城市大数据分析（数据模拟方向）,北京城垣数字科技有限责任公司,西城,硕士,1.2万-1.5万,经验不限,,20-99人,全职,http://jobs.zhaopin.com/CC345369930J40565356609.htm
数据工程/大数据分析咨询顾问,通力凯顿（北京）系统集成有限公司,朝阳,本科,2万-3万,3-5年,民营,100-299人,全职,http://jobs.zhaopin.com/CC120185010J40538232709.htm
行业分析师,淘数科技(北京)有限公司,昌平,本科,6千-8千,1-3年,民营,20-99人,全职,http://jobs.zhaopin.com/CC646370980J40058488802.htm
大数据开发工程师（flink开发/驻场）,上海佩琪信息技术有限公司广州分公司,朝阳,大专,1.7万-1.8万,5-10年,上市公司,500-999人,全职,http://jobs.zhaopin.com/CC550745730J40584397109.htm
碳中和大数据分析师(零碳园区）,北京慧碳众和资源科技有限公司,通州,硕士,1.2万-2.4万,3-5年,民营,20-99人,全职,http://jobs.zhaopin.com/CCL1389503880J40604573915.htm
大模型开发工程师,煤炭科学研究总院有限公司,朝阳,本科,1.8万-3.5万,1-3年,国企,10000人以上,全职,http://jobs.zhaopin.com/CCL1390283210J40562704311.htm
产品实习生（国网商用大数据有限公司）,国网数字科技控股有限公司,东城,本科,100-120/天,无经验,国企,1000-9999人,实习,http://jobs.zhaopin.com/CC346778530J40563653310.htm
销售经理（大数据事业部+轨道交通行业经验）,北京新联铁集团股份有限公司,海淀,本科,8千-1.6万,3-5年,上市公司,500-999人,全职,http://jobs.zhaopin.com/CC232993010J40532669301.htm
大数据情报分析工程师,公安部第一研究所,海淀,本科,1.5万-2万,1-3年,事业单位,1000-9999人,全职,http://jobs.zhaopin.com/CC120879460J40673974915.htm
商务实习生（国网商用大数据有限公司）,国网数字科技控股有限公司,东城,本科,100-120/天,无经验,国企,1000-9999人,实习,http://jobs.zhaopin.com/CC346778530J40547749410.htm
大数据开发工程师 (MJ000481),中国网安,石景山,本科,1.4万-2.2万,1-3年,国企,1000-9999人,全职,http://jobs.zhaopin.com/CC277012680J40456553204.htm
数据要素研究员,国研科技集团有限公司,东城,本科,1万-1.8万,3-5年,国企,500-999人,全职,http://jobs.zhaopin.com/CC000275200J40562845703.htm
数据资源实习生（国网商用大数据有限公司）,国网数字科技控股有限公司,东城,本科,100-120/天,无经验,国企,1000-9999人,实习,http://jobs.zhaopin.com/CC346778530J40552907610.htm
项目经理-大数据,千方科技,海淀,本科,1万-1.5万,3-5年,上市公司,1000-9999人,全职,http://jobs.zhaopin.com/CC679964920J40198874212.htm
项目经理（AI、大数据）,中移数智科技有限公司,海淀,硕士,2.2万-4万,5-10年,国企,100-299人,全职,http://jobs.zhaopin.com/CCL1357573180J40540783505.htm
项目经理（国网商用大数据有限公司）,国网数字科技控股有限公司,东城,本科,1.3万-2万,5-10年,国企,1000-9999人,全职,http://jobs.zhaopin.com/CC346778530J40522973210.htm
大数据开发工程师,央视国际网络有限公司,海淀,本科,1.5万-2.3万,无经验,国企,1000-9999人,全职,http://jobs.zhaopin.com/CC138910710J40322990314.htm
大数据工程师,中国华能集团清洁能源技术研究院有限公司,昌平,本科,1.4万-2.8万,3-5年,国企,300-499人,全职,http://jobs.zhaopin.com/CC450349620J40425025413.htm
数字经济、大数据研究员,中国电子技术标准化研究院((工业和信息化部电子工业标准化研究院)(工业和信息化部电子第四研究院)),东城,硕士,1.2万-1.5万,经验不限,事业单位,500-999人,全职,http://jobs.zhaopin.com/CCL1295375360J40562514515.htm
规划处研究员,中城智慧(北京)城市规划设计研究院有限公司,,本科,6千-1万,3-5年,民营,20-99人,全职,http://jobs.zhaopin.com/CC697912127J00024209510.htm
大数据开发（康明斯）,新拓尼克科技研发中心 / Syntronic Beijing R&D Center,朝阳,本科,1.8万-2万,3-5年,外商独资,500-999人,全职,http://jobs.zhaopin.com/CC134310320J40548086506.htm
大数据高级管理师,中经网,,硕士,1.8万-2.5万,经验不限,国企,100-299人,全职,http://jobs.zhaopin.com/CC000188277J00283087613.htm
大数据开发工程师,公安部第一研究所,海淀,本科,2万-2.5万,1-3年,事业单位,1000-9999人,全职,http://jobs.zhaopin.com/CC120879460J40673961515.htm
AI和大数据领军人才,阳光保险集团,通州,本科,面议,5-10年,股份制企业,10000人以上,全职,http://jobs.zhaopin.com/CC120868770J40554620304.htm
项目经理（育种大数据方向）,北京兴农丰华科技有限公司,海淀,本科,1万-2万,经验不限,民营,20-99人,全职,http://jobs.zhaopin.com/CC428960525J00158840312.htm
时空大数据处理研发和标准研究员24SBZ15,中国信息通信研究院,海淀,硕士,1.5万-2万,无经验,事业单位,1000-9999人,全职,http://jobs.zhaopin.com/CC251266610J40510544502.htm
大数据研究员（农业aicgis）,锐仕方达人才科技集团有限公司,石景山,硕士,9千-1.5万,经验不限,股份制企业,1000-9999人,全职,http://jobs.zhaopin.com/CCL1236606730J40538616014.htm
高级大数据开发工程师,北京才鼎通科技有限公司,海淀,大专,2.1万-4万,5-10年,民营,100-299人,全职,http://jobs.zhaopin.com/CC877489780J40608906301.htm
政务大数据治理工程师,智联猎头,西城,本科,2万-3万,3-5年,其它,1000-9999人,全职,http://jobs.zhaopin.com/CCL1318355140J40572227803.htm
大数据平台产品专家,勤达科技,朝阳,本科,2.4万-4.5万,5-10年,民营,100-299人,全职,http://jobs.zhaopin.com/CC345252110J40557154204.htm
Java开发工程师,杉松(北京)技术咨询有限公司,顺义,大专,1.7万-1.8万,5-10年,其它,500-999人,全职,http://jobs.zhaopin.com/CC600147580J40567894403.htm
销售总监（国网）,北京天易数聚科技有限公司,丰台,本科,2万-4万,5-10年,民营,300-499人,全职,http://jobs.zhaopin.com/CC536852930J40533038204.htm
大数据开发工程师,华熙生物,朝阳,大专,1万-1.4万,经验不限,上市公司,1000-9999人,全职,http://jobs.zhaopin.com/CC446232920J40595955108.htm
大数据研发工程师,安徽即刻智能科技有限公司,西城,本科,1.7万-2.4万,3-5年,民营,100-299人,全职,http://jobs.zhaopin.com/CC399100530J40628713912.htm
大数据运维工程师（北京）,华苏科技,西城,大专,1.1万-1.5万,1-3年,民营,1000-9999人,全职,http://jobs.zhaopin.com/CC666898020J40595727602.htm
副总裁（运营管理方向）,北京惟易信息技术有限公司,朝阳,本科,1.8万-2.5万,10年以上,民营,100-299人,全职,http://jobs.zhaopin.com/CC374828830J40588350712.htm
大数据/AI产品经理(J10534),北京华宇元典信息服务有限公司,海淀,本科,1.2万-1.6万,1-3年,民营,100-299人,全职,http://jobs.zhaopin.com/CC409922380J40569863902.htm
产品经理（司法大数据）,中国司法大数据研究院有限公司,石景山,本科,1.5万-2.5万,5-10年,国企,100-299人,全职,http://jobs.zhaopin.com/CC547031530J40248067407.htm
数据运营工程师,公安部第一研究所,海淀,本科,1.5万-2万,1-3年,事业单位,1000-9999人,全职,http://jobs.zhaopin.com/CC120879460J40690114615.htm
DaaS大数据运维,北京昆达天合科技有限公司,海淀,大专,1万-2万,3-5年,,20-99人,全职,http://jobs.zhaopin.com/CCL1408189180J40554695913.htm
高级架构工程师（大数据/大模型方向）(J18545),中核核信信息技术(北京)有限公司,西城,本科,2.1万-3.5万,5-10年,国企,100-299人,全职,http://jobs.zhaopin.com/CC678805020J40566573805.htm
大数据解决方案工程师,中车信息公司,海淀,本科,1.5万-2.5万,5-10年,国企,100-299人,全职,http://jobs.zhaopin.com/CC120171040J40522809111.htm
大数据业务应用售前工程师,浪潮集团,海淀,学历不限,1.5万-3万,3-5年,国企,10000人以上,全职,http://jobs.zhaopin.com/CC120143600J40633572115.htm
